"name","link karma","comment karma","label"
"SlimJones123",15162686,386179,1
"iBleeedorange",10771911,1230119,1
"mvea",10547956,118308,1
"KevlarYarmulke",9452744,142772,1
"maxwellhill",8204539,80840,1
"bubblr",7962494,46204,1
"onlysame1",6631588,142997,1
"speckz",4885169,37954,1
"Isai76",4789877,86747,1
"Meunderwears",4392318,427136,1
"mepper",4443238,33716,1
"anutensil",4290563,89047,1
"drewiepoodle",4132428,162196,1
"Sariel007",3526223,333502,1
"RamsesThePigeon",134669,3408791,0
"Lol33ta",3458634,61370,1
"ani625",1736157,1762557,0
"RyanSmith",3256634,106745,1
"Jux_",1029116,2101163,0
"j0be",2031717,1037919,1
"JimKB",2751037,292984,1
"NinjaDiscoJesus",2732828,286924,1
"lnfinity",2696768,119015,1
"Rooonaldooo99",79839,2735735,0
"_vargas_",121220,2636668,0
"N8theGr8",1267817,1428763,0
"One_Giant_Nostril",2610876,81808,1
"davidreiss666",2512340,174263,1
"IranianGenius",0,2637612,0
"IHaeTypos",2495358,100804,1
"iam4real",2281292,282405,1
"Unidan",164836,2338471,0
"ecky--ptang-zooboing",2202619,273936,1
"Simi510",2415845,45717,1
"DoremusJessup",2376575,16733,1
"unknown_name",2075225,186318,1
"NeilPoonHandler",1946290,219927,1
"BlankVerse",2055880,108665,1
"WildAnimus",2056086,6373,1
"TheCannon",1415012,637864,1
"urfaselol",1456074,588688,1
"trot-trot",2001310,38030,1
